"Phenotype","nrounds","max_depth","eta","gamma","colsample_bytree","min_child_weight","subsample"
"B1",50,1,0.3,0,0.6,1,0.75
"B2",50,1,0.3,0,0.6,1,0.5
"B3",50,1,0.3,0,0.6,1,0.5
"B5",50,1,0.3,0,0.6,1,0.5
"B6",50,1,0.3,0,0.6,1,0.5
"B7",50,1,0.3,0,0.6,1,0.5
"B9",50,1,0.3,0,0.6,1,0.5
"B12",50,1,0.3,0,0.6,1,0.5
"Q",50,1,0.3,0,0.6,1,0.5
"LA",50,1,0.3,0,0.6,1,0.5
"MQ",100,3,0.4,0,0.6,1,0.5
"IMV",50,1,0.3,0,0.6,1,0.5
"IDX",50,2,0.3,0,0.6,1,0.75
"Arg",50,1,0.4,0,0.8,1,1
"Lys",50,2,0.3,0,0.6,1,1
"His",50,1,0.4,0,0.6,1,0.5
"Trp",50,1,0.3,0,0.6,1,0.5
"Tyr",50,2,0.3,0,0.6,1,0.75
"Phe",50,2,0.3,0,0.6,1,1
"Chor",50,1,0.3,0,0.6,1,0.75
"Ile",50,1,0.3,0,0.8,1,1
"Val",50,1,0.3,0,0.8,1,1
"Leu",50,1,0.3,0,0.6,1,0.5
"Ser",50,1,0.4,0,0.6,1,0.75
"Cys",50,1,0.3,0,0.6,1,0.75
"Thr",50,1,0.3,0,0.6,1,0.75
"Met",50,2,0.4,0,0.6,1,0.75
"Pro",50,1,0.3,0,0.6,1,0.5
"Gly",50,1,0.3,0,0.6,1,0.75
"Glu",50,1,0.3,0,0.6,1,0.75
"Gln",100,3,0.4,0,0.8,1,1
"Asp",50,1,0.3,0,0.6,1,0.5
"Asn",50,2,0.3,0,0.6,1,0.5
"Butyrate",150,3,0.4,0,0.8,1,1
"Propionate",100,3,0.4,0,0.6,1,1
"L-Lactate",50,1,0.3,0,0.6,1,0.5
"D-Lactate",50,1,0.3,0,0.6,1,0.5
"Acetate",50,1,0.3,0,0.6,1,0.5
"Formate",50,1,0.3,0,0.6,1,0.5
"Ethanol",50,1,0.3,0,0.6,1,0.5
"Glc",50,1,0.4,0,0.6,1,0.5
"Gal",100,2,0.4,0,0.8,1,0.75
"Tag",50,2,0.3,0,0.8,1,1
"Fru",50,2,0.3,0,0.6,1,0.5
"Man",150,3,0.3,0,0.8,1,1
"(Man)n",150,3,0.4,0,0.6,1,1
"GlcA",150,1,0.4,0,0.6,1,0.75
"GalA",100,3,0.3,0,0.6,1,0.75
"(GlcA)n",100,1,0.4,0,0.8,1,0.75
"(GalA)n",50,2,0.3,0,0.8,1,0.75
"GalNAc",100,3,0.3,0,0.6,1,0.75
"GalN",100,3,0.4,0,0.8,1,0.75
"ManNAc",100,3,0.3,0,0.6,1,1
"NANA",100,3,0.4,0,0.8,1,0.75
"ddGlcA",50,1,0.3,0,0.6,1,0.5
"Xyl",150,3,0.4,0,0.6,1,1
"XOS",100,3,0.4,0,0.6,1,1
"aXyl",50,2,0.3,0,0.6,1,0.5
"Ara",150,3,0.3,0,0.6,1,1
"aAOS",100,3,0.4,0,0.6,1,0.5
"bAOS",50,1,0.3,0,0.6,1,0.5
"Fuc",50,3,0.4,0,0.8,1,1
"(Fuc)n",50,3,0.4,0,0.8,1,1
"FL",50,1,0.3,0,0.6,1,0.75
"Rha",150,3,0.4,0,0.8,1,0.5
"Rhi",50,3,0.3,0,0.8,1,1
"Rbs",100,3,0.3,0,0.6,1,0.75
"Gnt",50,2,0.4,0,0.6,1,1
"Mal",100,3,0.4,0,0.6,1,1
"(Mal)n",50,3,0.3,0,0.8,1,0.75
"Scr",150,3,0.3,0,0.6,1,0.75
"FOS",50,3,0.3,0,0.8,1,0.75
"Tre",50,1,0.4,0,0.6,1,0.75
"GlcNAc",150,3,0.4,0,0.8,1,0.75
"Chb",150,2,0.3,0,0.8,1,1
"Lnb",50,3,0.3,0,0.6,1,0.5
"MurNac",50,2,0.3,0,0.6,1,0.75
"Lac",150,2,0.4,0,0.6,1,0.75
"GOS",150,3,0.4,0,0.8,1,1
"Aga",50,1,0.3,0,0.6,1,0.5
"Mel",50,1,0.4,0,0.6,1,0.5
"Raf",50,1,0.3,0,0.6,1,0.5
"Bgl",50,3,0.3,0,0.8,1,1
"Hyl",50,1,0.3,0,0.6,1,0.75
"All",50,2,0.3,0,0.6,1,0.75
"Mtl",50,2,0.3,0,0.6,1,1
"Atl",150,3,0.4,0,0.8,1,1
"Xlt",50,3,0.4,0,0.8,1,1
"Srl",50,3,0.4,0,0.6,1,1
"Gtl",150,3,0.4,0,0.6,1,1
"Rtl",50,1,0.3,0,0.8,1,1
"Ino",50,3,0.4,0,0.8,1,1
"FruAsp",50,1,0.3,0,0.6,1,0.5
"FruLys",100,3,0.3,0,0.6,1,1
"GlcLys",50,1,0.3,0,0.6,1,0.5
"PsiLys",50,1,0.3,0,0.6,1,0.5
"Eut_ut",50,1,0.4,0,0.6,1,0.75
"But_ut",50,3,0.4,0,0.6,1,0.5
"PD_ut",50,1,0.3,0,0.6,1,0.75
"Lac_ut",50,1,0.3,0,0.6,1,0.5
"CA_d",50,1,0.3,0,0.6,1,0.5
"BA_t",100,3,0.4,0,0.6,1,1
"Urea_d",50,1,0.3,0,0.6,1,0.75
"Pro_d",50,1,0.3,0,0.8,1,1
"Thr_d",50,2,0.3,0,0.8,1,1
"Met_d",50,1,0.3,0,0.6,1,0.5
"His_d",100,2,0.3,0,0.6,1,1
"Lys_d",50,3,0.3,0,0.6,1,1
"Trp_d",100,3,0.4,0,0.8,1,0.75
