"Phenotype","mtry","splitrule","min.node.size"
"B1",22,"gini",1
"B2",2,"gini",1
"B3",13,"gini",1
"B5",2,"extratrees",1
"B6",8,"gini",1
"B7",2,"gini",1
"B9",10,"gini",1
"B12",2,"gini",1
"Q",2,"gini",1
"LA",2,"gini",1
"MQ",2,"gini",1
"IMV",2,"extratrees",1
"IDX",11,"gini",1
"Arg",2,"gini",1
"Lys",12,"gini",1
"His",2,"gini",1
"Trp",2,"gini",1
"Tyr",16,"gini",1
"Phe",9,"gini",1
"Chor",2,"gini",1
"Ile",11,"gini",1
"Val",11,"gini",1
"Leu",11,"gini",1
"Ser",2,"gini",1
"Cys",2,"gini",1
"Thr",2,"gini",1
"Met",14,"gini",1
"Pro",2,"gini",1
"Gly",2,"gini",1
"Glu",9,"gini",1
"Gln",16,"gini",1
"Asp",6,"gini",1
"Asn",6,"gini",1
"Butyrate",18,"gini",1
"Propionate",17,"extratrees",1
"L-Lactate",2,"gini",1
"D-Lactate",2,"gini",1
"Acetate",2,"gini",1
"Formate",2,"gini",1
"Ethanol",2,"gini",1
"Glc",9,"gini",1
"Gal",19,"gini",1
"Tag",19,"gini",1
"Fru",12,"gini",1
"Man",77,"extratrees",1
"(Man)n",39,"gini",1
"GlcA",31,"gini",1
"GalA",31,"extratrees",1
"(GlcA)n",31,"gini",1
"(GalA)n",61,"gini",1
"GalNAc",13,"gini",1
"GalN",2,"gini",1
"ManNAc",25,"gini",1
"NANA",25,"extratrees",1
"ddGlcA",2,"gini",1
"Xyl",27,"extratrees",1
"XOS",53,"extratrees",1
"aXyl",27,"gini",1
"Ara",28,"extratrees",1
"aAOS",28,"gini",1
"bAOS",28,"gini",1
"Fuc",27,"gini",1
"(Fuc)n",27,"gini",1
"FL",2,"gini",1
"Rha",23,"gini",1
"Rhi",23,"gini",1
"Rbs",14,"extratrees",1
"Gnt",7,"gini",1
"Mal",26,"gini",1
"(Mal)n",26,"gini",1
"Scr",27,"gini",1
"FOS",27,"gini",1
"Tre",8,"gini",1
"GlcNAc",37,"gini",1
"Chb",37,"gini",1
"Lnb",73,"gini",1
"MurNac",2,"gini",1
"Lac",29,"gini",1
"GOS",56,"extratrees",1
"Aga",2,"gini",1
"Mel",11,"gini",1
"Raf",2,"gini",1
"Bgl",46,"gini",1
"Hyl",2,"gini",1
"All",2,"gini",1
"Mtl",30,"gini",1
"Atl",30,"gini",1
"Xlt",30,"gini",1
"Srl",30,"gini",1
"Gtl",30,"gini",1
"Rtl",59,"gini",1
"Ino",32,"extratrees",1
"FruAsp",2,"gini",1
"FruLys",11,"gini",1
"GlcLys",11,"gini",1
"PsiLys",11,"gini",1
"Eut_ut",2,"gini",1
"But_ut",2,"gini",1
"PD_ut",2,"gini",1
"Lac_ut",6,"gini",1
"CA_d",14,"gini",1
"BA_t",14,"gini",1
"Urea_d",2,"gini",1
"Pro_d",2,"gini",1
"Thr_d",5,"gini",1
"Met_d",2,"gini",1
"His_d",12,"gini",1
"Lys_d",16,"gini",1
"Trp_d",15,"gini",1
