"Phenotype","degree","scale","C"
"B1",1,0.1,0.25
"B2",1,0.001,0.25
"B3",1,0.01,0.25
"B5",1,0.1,0.25
"B6",1,0.01,0.25
"B7",1,0.1,0.25
"B9",2,0.1,0.5
"B12",1,0.1,0.25
"Q",2,0.1,0.25
"LA",1,0.001,0.25
"MQ",1,0.01,1
"IMV",1,0.01,0.25
"IDX",2,0.1,0.25
"Arg",2,0.1,0.25
"Lys",1,0.01,0.5
"His",1,0.001,0.25
"Trp",1,0.1,1
"Tyr",1,0.1,0.25
"Phe",1,0.1,0.25
"Chor",1,0.1,0.25
"Ile",2,0.1,0.25
"Val",2,0.1,0.25
"Leu",1,0.1,0.25
"Ser",1,0.1,0.25
"Cys",1,0.01,1
"Thr",1,0.1,0.25
"Met",2,0.1,0.25
"Pro",2,0.1,1
"Gly",1,0.1,0.25
"Glu",2,0.1,0.25
"Gln",3,0.1,0.25
"Asp",1,0.1,0.25
"Asn",1,0.1,1
"Butyrate",2,0.1,0.25
"Propionate",2,0.1,0.5
"L-Lactate",1,0.01,0.25
"D-Lactate",1,0.001,0.25
"Acetate",1,0.01,0.25
"Formate",1,0.1,0.5
"Ethanol",1,0.01,0.25
"Glc",1,0.1,1
"Gal",2,0.1,0.5
"Tag",2,0.1,0.25
"Fru",1,0.01,0.25
"Man",2,0.1,0.25
"(Man)n",3,0.1,0.25
"GlcA",2,0.1,0.5
"GalA",1,0.1,0.5
"(GlcA)n",1,0.1,0.25
"(GalA)n",3,0.01,0.25
"GalNAc",3,0.01,0.5
"GalN",3,0.01,0.5
"ManNAc",2,0.1,1
"NANA",3,0.1,0.25
"ddGlcA",1,0.1,0.25
"Xyl",1,0.1,1
"XOS",3,0.1,0.25
"aXyl",1,0.1,1
"Ara",2,0.1,0.25
"aAOS",2,0.1,0.25
"bAOS",1,0.1,0.5
"Fuc",2,0.1,0.25
"(Fuc)n",3,0.01,0.25
"FL",1,0.001,0.25
"Rha",3,0.1,0.25
"Rhi",3,0.1,0.25
"Rbs",2,0.1,0.5
"Gnt",1,0.1,1
"Mal",2,0.1,0.25
"(Mal)n",2,0.1,0.25
"Scr",2,0.01,0.5
"FOS",2,0.01,0.5
"Tre",2,0.1,1
"GlcNAc",2,0.1,0.25
"Chb",3,0.1,0.5
"Lnb",3,0.1,0.25
"MurNac",1,0.01,0.25
"Lac",2,0.1,0.25
"GOS",1,0.01,0.25
"Aga",1,0.001,0.25
"Mel",1,0.1,0.25
"Raf",1,0.001,0.25
"Bgl",3,0.1,0.25
"Hyl",2,0.001,0.5
"All",1,0.001,0.25
"Mtl",1,0.1,0.25
"Atl",3,0.01,1
"Xlt",3,0.01,0.5
"Srl",2,0.1,0.25
"Gtl",3,0.1,0.25
"Rtl",2,0.1,0.25
"Ino",3,0.1,0.25
"FruAsp",3,0.01,0.25
"FruLys",3,0.1,0.25
"GlcLys",1,0.01,0.25
"PsiLys",2,0.01,0.5
"Eut_ut",1,0.01,0.25
"But_ut",1,0.001,0.25
"PD_ut",1,0.1,0.25
"Lac_ut",1,0.01,0.25
"CA_d",1,0.01,0.25
"BA_t",3,0.01,0.25
"Urea_d",1,0.001,1
"Pro_d",1,0.1,0.5
"Thr_d",1,0.1,1
"Met_d",1,0.01,0.25
"His_d",2,0.1,1
"Lys_d",3,0.1,0.25
"Trp_d",2,0.1,0.25
